TIME	Sat + Tue			Sat		Sun + Wed			Sun		Mon		Tue		Wed		Thu	Fri
	MM	OS	Econ	MM-lab	OS-lab	MM	OS	Econ	MM-lab	OS-lab	MM-lab	OS-lab	MM-lab	OS-lab	MM-lab	OS-lab	xxx	xxx
8:30		NaFS-A	SCT-D	MSTR-A	J	I	E		C	NaFS-B		MEHq-D	ArBh-F		I		x	x
						K									L		x	x
9:50	J					MSTR-D		TaA-E									x	x
11:10	MSTR-A		TaA-C	ArBh-B		ArBh-F	F	F	RNF-D		MfSh-M	SYH-G	G	FzAn-E	RNF-J		x	x
												ABF-H					x	x
12:30	C	NaFS-B	AAsh-A			ArBh-H											x	x
13:50	E	MdSam-C	TaA-B		A		MdSam-G	SMRn-G	AbHn-E			SYH-C	MSTR-H		K	NaFS-I	x	x
												MEHq-F			N		x	x
15:10		MSdHn-D				MSTR-B	MSdHn-H	SMRn-H									x	x